ElectronicStove-11-29-12-Data4,,,,,,,,,,,,,,,,,,,,,,,,,,,,,,,,,,,,,,,,,,,,,,,,,,,,
97,,,,,,,,,,,,,,,,,,,,,,,,,,,,,,,,,,,,,,,,,,,,,,,,,,,,
52,,,,,,,,,,,,,,,,,,,,,,,,,,,,,,,,,,,,,,,,,,,,,,,,,,,,
17,,,,,,,,,,,,,,,,,,,,,,,,,,,,,,,,,,,,,,,,,,,,,,,,,,,,
0.28,,,,,,,,,,,,,,,,,,,,,,,,,,,,,,,,,,,,,,,,,,,,,,,,,,,,
2.5,,,,,,,,,,,,,,,,,,,,,,,,,,,,,,,,,,,,,,,,,,,,,,,,,,,,
,N1,N2,N3,N4,N5,N6,N7,N8,N9,N10,N11,N12,N13,N14,N15,N16,N17,N18,N19,N20,N21,N22,N23,N24,N25,N26,N27,N28,N29,N30,N31,N32,N33,N34,N35,N36,N37,N38,N39,N40,N41,N42,N43,N44,N45,N46,N47,N48,N49,N50,N51,N52
2.02,0,0,0,0,0,0,0,0,0,0,0,0,0,0,0,0,0,0,0,0,0,0,0,0,0,0,0,0,0,0,0,0,0,0,0,0,0,0,0,0,0,0,0,0,0,0,0,0,0,0,0,0
2.09,0,0,0,0,0,0,0,0,0,0,0,0,0,0,0,0,0,0,0,0,0,0,0,0,0,0,0,0,0,0,0,0,0,0,0,0,0,0,0,0,0,0,0,0,0,0,0,0,0,0,0,0
2.17,0,0,0,0,0,0,0,0,0,0,0,0,0,0,0,0,0,0,0,0,0,0,0,0,0,0,0,0,0,0,0,0,0,0,0,0,0,0,0,0,0,0,0,0,0,0,0,0,0,0,0,0
2.25,0,0,0,0,0,0,0,0,0,0,0,0,0,0,0,0,0,0,0,0,0,0,0,0,0,0,0,0,0,0,0,0,0,0,0,0,0,0,0,0,0,0,0,0,0,0,0,0,0,0,0,0
2.33,0,0,0,0,0,0,0,0,0,0,0,0,0,0,0,0,0,0,0,0,0,0,0,0,0,0,0,0,0,0,0,0,0,0,0,0,0,0,0,0,0,0,0,0,0,0,0,0,0,0,0,0
2.41,0,0,0,0,0,0,0,0,0,0,0,0,0,0,0,0,0,0,0,0,0,0,0,0,0,0,0,0,0,0,0,0,0,0,0,0,0,0,0,0,0,0,0,0,0,0,0,0,0,0,0,0
2.5,0,0,0,0,0,0,0,0,0,0,0,0,0,0,0,0,0,0,0,0,0,0,0,0,0,0,0,0,0,0,0,0,0,0,0,0,0,0,0,0,0,0,0,0,0,0,0,0,0,0,0,0
2.59,0,0,0,0,0,0,0,0,0,0,0,0,0,0,0,0,0,0,0,0,0,0,0,0,0,0,0,0,0,0,0,0,0,0,0,0,0,0,0,0,0,0,0,0,0,0,0,0,0,0,0,0
2.69,0,0,0,0,0,0,0,657.06,619.441,0,0,0,0,0,0,0,0,0,0,0,0,0,0,0,0,0,0,0,0,0,0,0,0,0,0,0,0,0,0,0,0,0,0,0,0,0,0,0,0,0,0,0
2.79,0,0,0,0,0,0,0,0,475.676,0,449.917,0,0,449.917,449.917,0,0,0,0,0,0,0,0,0,0,0,0,0,0,0,0,0,0,0,0,0,0,0,0,0,0,0,0,0,0,0,0,0,0,0,0,0
2.89,0,0,0,323.046,323.046,0,0,0,0,323.046,323.046,0,0,969.138,646.092,0,0,0,0,0,0,0,0,0,0,0,0,0,0,0,0,0,0,0,0,0,0,0,0,0,0,0,0,0,0,0,0,0,0,0,0,0
3,0,0,0,0,420.186,478.522,0,478.522,478.522,0,478.522,239.261,239.261,0,0,0,239.261,239.261,239.261,0,0,0,0,0,0,0,0,0,0,0,0,0,0,0,0,0,0,0,0,0,0,0,0,0,0,0,0,0,0,0,0,0
3.11,0,0,0,181.897,771.94,363.795,545.692,181.897,0,181.897,0,363.795,545.692,181.897,363.795,0,545.692,181.897,181.897,0,181.897,0,0,0,0,0,0,0,0,0,0,0,0,0,0,0,0,0,0,0,0,0,0,0,0,0,0,0,0,0,0,0
3.22,0,0,0,412.133,424.325,707.208,282.883,418.229,418.229,141.442,141.442,424.325,282.883,418.229,141.442,848.649,1272.97,418.229,276.787,282.883,559.67,141.442,0,0,0,0,0,0,0,0,0,0,0,0,0,0,0,0,0,0,0,0,0,0,0,0,0,0,0,0,0,0
3.34,0,0,0,669.418,109.99,549.948,659.938,664.678,725.679,439.959,329.969,219.979,610.95,1275.63,500.96,439.959,109.99,554.689,444.699,439.959,664.678,329.969,0,109.99,0,0,0,109.99,0,0,0,0,0,0,0,0,0,0,0,0,0,0,0,0,0,0,0,0,0,0,0,0
3.46,0,0,0,352.429,656.52,453.793,541.9,881.073,920.316,1462.74,969.181,541.9,493.035,933.572,567.886,365.685,907.586,969.181,365.685,630.008,277.578,176.215,176.215,13.2561,440.537,0,0,88.1073,0,0,13.2561,0,0,0,0,0,0,0,0,0,0,0,0,0,0,0,0,0,0,0,0,0
3.59,0,0,0,575.136,596.2,851.887,348.643,1238.92,772.434,998.358,844.326,761.617,1049.18,851.887,825.948,905.401,841.071,825.948,815.131,905.401,617.833,412.974,431.352,348.643,143.784,0,143.784,0,71.8919,71.8919,61.0755,0,0,0,0,0,0,0,0,0,0,0,0,0,0,0,0,0,0,0,0,0
3.72,0,0,0,445.304,804.602,951.306,829.909,1159.54,1047.93,1366.94,1168.79,743.903,865.301,1558.29,1487.81,1189.21,1456.77,1265.42,597.735,1067.81,319.011,379.71,121.398,242.795,60.6989,182.097,60.6989,121.398,0,20.4118,0,60.6989,60.6989,0,0,0,0,0,0,0,0,0,0,0,0,0,0,0,0,0,0,0
3.85,0,0,0,138.188,407.357,1202.51,946.956,1168.08,1140.86,1233.11,1437.25,981.847,1189.36,1102.59,1393.04,653.134,1700.47,1112.37,912.524,808.768,766.669,622.535,415.023,363.145,207.512,207.512,99.9227,151.801,51.8779,293.822,51.8779,103.756,0,0,0,51.8779,51.8779,0,0,0,51.8779,0,0,0,0,0,0,0,0,0,0,0
4,0,0,0,318.168,530.048,1053.38,1026.67,1211.84,1773.9,1487.91,1356.16,1208.48,1164.28,1527.9,1690.97,1277.28,2173.46,1534.62,1414.9,981.216,829.475,705.142,772.694,250.616,227.263,205.163,48.811,94.2635,45.4526,90.9052,45.4526,0,23.353,0,45.4526,0,45.4526,0,45.4526,0,0,0,0,0,0,0,0,0,0,0,0,0
4.14,0,0,0,200.006,907.412,958.924,1187.42,1739.5,1166.87,1547.43,1670.3,1723.31,1674.27,1798.24,1773.72,1970.86,1880.01,1626.33,1409.74,1155.36,1202.9,583.434,360.01,423.429,283.977,143.422,83.9714,360.01,80.0023,0,80.0023,80.0023,23.4181,0,0,0,0,0,0,40.0011,0,0,0,0,0,0,0,0,0,0,0,0
4.29,0,0,0,236.534,700.914,1145.61,1482.97,1406.3,1339.72,1445.91,1867.16,1608.85,2018.15,1824.74,2076.03,1867.16,2210.6,1893.17,1561.5,1051.19,799.373,929.716,283.175,575.747,173.472,197.625,315.06,141.588,247.779,70.7939,24.1527,70.7939,91.4343,35.3969,0,59.5496,35.3969,35.3969,0,0,0,0,24.1527,0,0,0,0,0,0,0,0,0
4.45,0,0,0,269.378,541.946,1482.19,1198.26,1736.77,1806.1,1554.95,1578.09,2072.13,2006.15,1579.73,1711.92,1475.65,2308.4,1682.08,1652.56,1513.83,1219.44,624.678,738.564,342.137,313.934,520.525,110.696,251.147,62.7868,71.0445,81.017,62.7868,198.333,8.25771,94.1802,72.7593,0,62.7868,31.3934,0,0,0,9.9725,0,0,0,0,0,0,0,0,0
4.61,0,0,0,217.781,542.153,1476.91,1349.51,2026.54,1912.54,1884.39,2220.64,1951.03,2273.8,2238.38,1927.28,1740.58,2533.14,1879.86,1871.05,1694.76,1675.42,1011.73,839.91,715.511,614.791,354.053,379.266,248.865,140.741,185.164,133.337,140.741,28.1482,105.189,0,84.4445,0,28.1482,28.1482,0,0,0,0,0,0,0,0,0,0,0,0,0
4.78,0,0,0,187.159,678.629,1237.41,1492.07,1960.81,2251.6,2329.38,2404.7,2337.63,2146.77,2810.14,1773.65,2328.61,2445.96,2034.39,2604.88,2098.07,1540.22,949.503,1012.81,1040.55,615.951,529.729,374.317,403.558,237.627,317.336,237.627,111.456,86.2215,86.2215,0,126.171,25.2343,25.2343,0,0,25.2343,10.5187,10.5187,0,25.2343,0,0,0,0,0,0,0
4.96,0,0,0,126.734,490.591,1020.03,1787.53,1981.09,2119.41,2298.77,2670.66,2590.57,2449.41,2539.44,2378.8,2813.27,2419.8,2280.51,2163.95,1711.51,1748.22,1549.24,1534.3,956.76,902.78,776.513,526.128,367.407,422.135,285.688,194.724,104.226,126.967,81.485,113.705,68.2233,67.99,22.7411,45.4822,22.7411,0,13.2617,36.0028,0,0,0,22.7411,0,68.2233,0,0,0
5.14,0,0,0,197.027,435.019,612.303,1378.98,1941.26,2483.91,2608.07,2813.53,2679.69,2988.56,2470.55,2463.53,2501.05,2649.46,2884.14,2022.76,2262,1575.37,1522.67,1661.65,1178.64,923.373,682.283,526.854,508.308,391.59,467.344,208.764,279.167,187.754,123.527,185.29,61.7633,32.325,61.7633,93.8772,20.5878,0,0,32.1138,0,0,61.7633,0,0,0,0,0,0
5.33,0,0,0,83.0866,283.203,705.494,1648.53,1665.14,2127.09,2185.61,2574.13,3330,2813.6,2642.67,3008.96,2611.28,2915.4,2046.39,2911.75,2298.88,2143.29,1461.4,1414.19,1282.24,862.464,678.545,859.811,777.966,210.593,459.853,299.539,253.877,243.401,114.653,114.653,39.8026,83.0866,74.8503,83.0866,0,56.1377,56.1377,45.6615,37.4251,56.1377,0,18.7126,74.8503,0,0,18.7126,18.7126
5.52,0,0,0,17.1096,321.995,673.839,1222.3,1790.03,2108.91,2312.05,2533.26,2848.69,2563.18,2639.98,2606.7,2448.04,3091.05,2587.07,2307.07,2247.07,1903.92,1439.44,1647.24,1375.35,1029.73,1056.79,597.944,703.688,436.479,448.306,340.017,397.89,151.812,255.731,168.922,141.247,148.703,119.767,63.1554,85.5478,46.0458,63.1554,17.1096,17.1096,0,0,28.9363,17.1096,0,0,17.1096,0
5.73,0,0,0,31.2916,112.315,602.308,1053.12,1521.61,1779.56,2041.45,2774.17,2957.09,2969.89,3083.48,3047.5,2562.75,2803.9,2443.57,2717.3,2167.52,2006.09,1742.56,1423.51,1554.81,1027.66,881.753,794.745,709.918,645.298,419.246,367.748,330.472,332.509,147.553,179.998,154.421,114.351,140.812,71.3613,62.5832,83.0598,51.7683,31.2916,31.2916,15.6458,31.2916,4.83089,15.6458,0,0,15.6458,0
5.94,0,0,0,14.3903,97.1016,451.262,982.633,1295.59,1998.53,2312.69,2830.14,2778.77,2942.87,2911.14,3076.78,2793.54,2926.43,2572.95,2741.23,2300.56,1916.17,1735.15,1706.5,1214.37,1080.76,758.883,776.904,867.642,688.596,431.537,375.811,303.86,235.539,234.641,229.175,151.93,167.218,129.513,166.32,26.0477,28.7806,57.5612,52.0954,28.7806,0,43.1709,0,43.1709,0,0,28.7806,43.1709
6.15,0,0,0,13.227,52.9079,314.066,609.011,1082.84,1682.77,2050.41,2774.01,2746.69,2655.44,2801.78,2713.2,2722.48,2705.77,2212.22,2717.15,2234.02,2186.94,1559.58,1594.44,1233.76,1500.2,838.653,712.315,640.286,683.716,491.04,362.152,300.839,287.612,253.824,131.4,170.878,120.483,163.545,73.4683,91.5166,97.4102,79.3618,31.4779,36.0968,13.227,26.4539,31.2754,13.227,39.6809,26.4539,26.4539,0
6.38,0,0,0,0,49.0054,314.069,582.774,874.836,1300.09,1961.16,2418.21,2594.58,2433.06,2938.27,2791.36,2338.88,3069.39,2780.68,2593.48,2476.03,2021.17,1899.69,1781.65,1325.85,1355.24,1077.29,873.698,820.227,613.916,528.377,486.946,421.223,288.53,196.021,176.196,334.106,136.012,167.053,142.55,101.33,80.2576,49.0054,85.7594,64.5765,36.754,12.2513,32.2882,23.4667,23.4667,49.0054,23.4667,24.5027
6.61,0,0,0,0,45.1809,213.767,460.014,904.349,1127.5,1770.37,2191.5,2068.27,2629.88,2623.19,2575.54,2633.42,2536.04,2494.45,2344.8,2286.14,1830.17,1766.67,1392.07,1235.34,1292.32,982.407,724.528,760.94,639.896,354.199,453.832,363.471,277.267,348.468,166.225,236.358,169.654,106.884,185.95,140.769,91.317,22.5905,67.7714,67.7714,33.8857,67.7714,67.7714,34.8408,34.8408,33.8857,23.5456,33.8857
6.85,0,0,0,10.4893,10.4893,137.143,510.165,646.591,1224.41,1473.72,1948.47,2212.92,2322.21,2343.45,2578.48,2636.24,2233.05,2522.55,2324.46,2174.45,2130.47,1611.45,1381.62,1324.65,1339.8,1159.3,865.141,674.118,668.221,620.693,410.126,389.278,477.98,284.971,257.444,210.633,179.882,142.062,142.127,152.551,115.382,62.9357,63.001,115.382,52.4464,31.5332,31.4679,41.9572,31.4679,62.9357,20.9786,31.4679
7.1,0,0,0,9.73537,19.4707,73.4612,302.446,532.504,810.287,1005.83,1596.68,1869.56,2089.47,2031.71,2636.01,2485.87,2404.17,2471.59,2061.4,2055.08,1974.25,1807.15,1436.15,1315.49,1153.7,1114.46,851.134,742.14,664.499,634.341,531.673,428.885,434.259,225.516,268.108,243.324,122.138,194.647,112.282,102.607,151.344,107.089,97.2931,77.883,97.3537,58.3516,29.2061,58.4122,9.73537,48.6769,19.4707,44.2551
7.37,0,0,0,0,18.0653,49.2658,127.099,394.524,668.871,1060.12,1490.04,2031.91,1998.19,2049.36,2251.87,2696.15,2399.92,2307.44,2336.2,1991.15,1898.86,1720.6,1525.74,1193.34,1122.43,928.336,923.803,623.708,769.7,528.849,522.543,363.416,384.85,423.614,275.082,184.325,186.225,200.187,149.359,158.392,130.56,126.457,91.061,73.7302,27.0979,36.8651,54.1959,81.2938,45.8977,36.8651,27.0979,60.5019
7.64,0,0,0,5.15022,0,8.40728,140.193,287.58,441.488,899.635,1363.09,1509.95,1693.22,1903.26,1929.32,2334.6,2329.45,2235.92,2257.05,1974.46,1625.45,1708.31,1348.01,1298.93,1131.1,927.746,958.486,859.124,692.868,694.074,502.758,433.08,398.771,266.986,290.998,363.245,269.559,210.708,175.869,155.798,134.517,58.851,140.876,93.006,89.2231,63.3176,33.6291,33.6291,63.3176,49.7601,8.40728,48.3928
7.91,0,0,0,3.031,15.6475,7.82376,79.5069,206.449,334.232,680.346,1014.34,1311.7,1491.22,1831.69,1725.37,1835.21,2109.65,2201.6,1904.65,2038.81,1610.87,1691.96,1653.09,1294.29,1380.6,1257.24,987.469,952.48,807.53,644.75,490.457,486.157,456.131,350.971,279.045,366.198,332.292,173.635,159.749,178.427,135.186,151.925,153.194,97.5794,96.9162,89.0924,87.1526,70.4139,49.9736,32.3862,15.6475,46.9426
8.2,0,0,0,14.6057,12.1358,12.1358,43.8172,94.9372,278.268,573.983,828.458,1099.53,1423.66,1638.62,1728.23,1908.72,2062.13,1986.78,2094.93,1957.96,1810.02,1496.57,1539.59,1200.28,1376.35,1102.07,1056.36,811.01,763.271,722.617,567.22,533.068,382.178,408.487,314.242,354.571,211.416,193.908,186.712,138.062,122.112,223.226,135.592,143.328,70.5587,65.7258,35.4958,80.3315,55.953,42.7986,29.2114,58.4229
8.51,0,13.6721,0,1.22616,9.14807,15.9841,54.6884,88.8686,173.213,276.334,595.797,832.366,1087.97,1282.19,1489.46,1654.41,1823.2,1827.69,1836.92,1899.55,1675.4,1547.99,1504.35,1114.97,1268.18,1212.27,886.125,870.786,925.194,595.737,665.324,647.693,431.532,380.242,285.523,361.805,252.188,241.914,198.345,187.266,193.862,129.985,139.273,123.289,100.469,75.1965,102.541,82.0325,36.4922,61.5244,54.6884,76.4227
8.82,12.7964,0,0,5.25057,17.2241,6.3982,12.7964,70.3802,90.0614,234.6,482.97,625.377,826.999,1046.33,1450.89,1419.56,1651.38,1924.35,1550.63,1467.28,1693.55,1428.92,1307.84,1229.9,1141.17,1079.8,889.347,987.765,769.416,603.724,581.898,472.793,416.044,419.649,354.357,278.726,362.228,270.857,214.084,172.588,155.689,136.819,168.486,140.922,89.7367,51.1856,68.4096,68.4096,62.0114,42.8169,70.3802,65.2915
9.14,0,7.1836,11.9771,0,1.84435,0,11.9771,35.9312,96.5561,182.136,363.375,436.784,735.936,983.946,1218.43,1372.17,1429.47,1542.64,1684.52,1656.54,1469.54,1420.56,1337.92,1126.32,999.134,936.687,839.392,702.602,628.598,706.904,677.156,559.242,391.279,312.311,441.591,364.935,315.273,278.512,246.36,232.994,213.833,179.746,113.223,119.861,112.677,116.172,79.6953,110.833,88.0739,13.8214,83.8394,46.8035
9.47,11.2411,10.1194,11.2411,0,0,0,5.62054,35.9915,64.6487,141.647,254.096,400.772,563.325,818.467,1032.15,1182.72,1254.74,1398.65,1373.9,1249.07,1477.3,1348.06,1167.08,1047.91,995.073,977.064,783.081,727.455,716.756,628.503,667.885,385.069,376.626,407.564,259.691,320.396,250.706,220.348,264.745,184.381,206.309,200.096,138.333,121.409,71.9453,106.815,113.003,139.984,63.527,43.2882,32.0471,49.4632
9.82,10.5513,26.3782,5.27564,5.27564,6.3228,0,0,34.8004,50.1012,91.7802,159.287,177.764,435.615,544.339,747.861,780.581,1186.67,1328.03,1283.81,1378.76,1196.21,1137.06,997.801,1051.64,1004.16,887.082,784.328,798.552,623.925,637.131,554.826,494.233,349.17,410.87,297.456,385.047,318.598,293.267,243.166,273.212,188.24,177.238,197.229,148.725,102.331,88.604,121.831,122.878,65.9281,59.6053,92.3063,42.2051
10.2,4.92575,8.32187,14.7773,13.2476,13.7995,9.85151,8.32187,9.85151,43.3541,42.3763,96.9854,172.312,274.687,435.155,673.921,745.585,835.604,978.358,1039.47,982.484,1131.51,1051.02,1144.18,971.954,999.431,862.058,758.332,683.557,630.052,585.505,517.578,507.086,474.776,343.221,300.33,238.251,336.303,223.563,243.387,272.179,190.097,171.672,125.136,149.035,160.931,79.7008,109.255,119.996,114.181,92.0597,66.4532,65.9013
10.6,4.6299,15.3275,4.6299,10.6976,19.3274,13.8897,10.6976,18.5196,18.5196,18.5196,62.4342,77.7617,214.904,290.459,426.025,564.289,735.421,968.467,939.211,1036.58,964.916,945.773,863.87,772.791,761.111,753.069,681.061,655.844,586.495,544.332,391.235,480.502,424.413,341.705,350.787,269.064,222.943,271.627,243.844,186.356,267.804,190.986,129.046,133.812,97.719,101.719,87.0215,122.306,87.8293,83.3772,80.9538,73.9396
10.9,15.902,27.4512,8.70555,17.4111,16.6516,4.35277,23.0984,15.902,18.7457,30.4694,190.763,80.4341,176.021,300.548,335.186,512.315,534.838,697.577,687.731,841.073,847.51,807.392,780.874,805.494,803.184,752.089,624.524,706.118,487.348,496.064,454.21,410.672,402.92,328.174,280.303,273.097,233.912,214.242,186.216,209.899,207.621,150.469,151.219,136.261,132.667,89.8893,81.7687,70.2195,105.791,104.272,63.0231,70.9691
11.3,6.04008,15.1511,8.20445,24.6133,0,16.9245,15.1511,13.7289,15.1511,12.3067,28.7156,92.1868,80.5602,129.045,232.405,294.681,445.947,488.783,576.334,710.654,665.921,637.495,650.894,751.49,595.112,649.308,513.645,574.992,531.125,481.797,430.054,352.236,340.547,323.005,409.027,286.187,236.054,217.871,192.187,190.085,211.605,195.813,147.227,114.76,85.5292,95.3824,78.6224,106.431,67.5734,67.0578,59.8846,55.2668
11.8,18.8491,13.8881,11.6011,21.6221,6.154,45.9183,19.3352,0,33.2232,33.2232,30.9362,28.8701,28.3841,101.372,202.091,270.77,292.878,408.988,458.653,554.333,589.943,491.975,549.107,512.282,516.149,555.261,440.708,451.382,401.817,416.435,368.859,331.891,336.829,266.637,282.857,222.663,207.416,211.769,169.619,194.479,181.22,134.473,89.2844,154.538,110.2,106.432,76.8546,74.7884,99.1836,81.2076,49.2993,75.2745
12.2,18.2326,16.0761,14.769,8.78301,16.259,11.1225,14.5861,14.5861,8.96594,16.259,26.0745,34.3087,41.7846,48.8948,123.838,132.281,262.131,357.947,375.173,400.097,481.209,458.991,503.206,461.54,389.89,438.51,332.944,363.449,340.538,298.936,336.617,263.987,268.091,275.475,212.688,205.094,197.5,207.708,210.897,169.57,126.661,143.221,100.129,126.203,98.822,124.805,84.4188,49.0777,63.7289,62.3568,58.5273,34.4916
12.6,10.3394,12.0685,13.613,10.3394,3.27357,17.0712,0,22.4079,10.1665,23.9524,16.7136,13.7977,37.7382,29.3009,65.1489,84.2832,164.578,176.473,299.002,277.643,357.961,366.744,323.991,293.677,321.744,314.171,284.709,341.593,250.578,297.1,250.071,264.191,171.482,220.598,185.799,197.51,150.619,170.272,142.366,139.427,135.795,106.691,89.4352,133.744,92.7087,87.8908,108.051,77.3785,76.6869,47.9047,49.8067,25.6815
13.1,19.5862,11.4197,22.6735,16.1448,16.1448,22.8394,29.3793,33.9162,13.0575,22.8506,19.4092,29.1911,12.8804,46.9736,45.5129,85.7808,81.598,147.804,145.989,231.028,248.789,254.045,258.604,267.855,325.529,252.252,234.647,267.49,211.807,245.027,185.327,210.922,153.049,137.645,182.063,138.177,80.5357,108.808,164.114,82.6935,85.792,139.637,90.8712,81.5868,35.9081,85.792,62.9414,73.2656,40.4449,84.1654,47.3277,65.6746
13.6,28.9651,28.9651,27.9532,21.7786,31.0405,17.7953,27.7857,16.9508,18.5238,15.4365,22.958,15.604,22.958,33.5667,31.0405,70.9492,96.8858,116.53,97.723,130.787,166.823,181.196,184.618,169.684,176.085,185.179,184.116,196.625,188.834,172.772,157.845,139.095,145.889,149.646,102.273,104.742,110.691,129.441,88.7446,98.5675,65.954,97.5556,61.5199,52.935,47.4889,56.2412,54.3333,46.9279,44.4589,36.9889,56.4733,44.8453
14.1,16.4387,21.18,22.8533,16.4456,27.0391,25.9144,29.2609,16.4387,10.5934,23.4087,10.5865,35.8173,36.9214,27.0253,38.0392,41.1003,48.6257,59.9027,100.74,100.875,104.363,120.24,117.869,141.982,151.736,161.774,153.131,113.839,149.215,143.093,148.938,130.961,114.394,98.5043,101.565,103.252,106.314,92.659,76.9038,63.9535,56.9835,92.5171,67.4351,36.5009,59.2192,64.374,63.2562,63.3912,65.8899,44.0264,68.9648,45.8346
14.6,16.6462,17.6995,28.2703,48.8553,28.3516,23.2482,27.7436,3.4122,12.1508,20.0584,22.8327,27.0759,20.6962,14.5096,15.1475,42.7799,38.8411,45.6655,59.4261,62.0893,110.195,88.3342,82.0358,104.424,82.7855,123.207,85.53,83.7276,78.8167,102.733,88.4454,80.5378,97.0728,105.092,84.0612,72.6302,67.1621,81.1756,55.7909,78.7355,73.1867,45.0276,50.2422,37.7579,59.9528,41.6154,49.9385,23.3594,19.9472,34.4568,28.1292,22.7216
15.1,22.7753,25.411,26.3576,22.1693,19.8741,17.5038,19.193,31.0231,30.6825,34.4015,32.7123,20.1395,31.1598,17.8443,11.9668,30.0766,18.2464,38.3244,42.3088,41.9682,54.9568,62.7889,69.015,74.4152,69.0069,76.7103,95.7051,66.0306,86.5107,62.0462,74.619,74.2784,80.1559,81.3759,60.8343,62.6522,83.9581,75.3617,54.6162,37.6433,47.2398,36.2946,45.0197,53.7984,32.7123,26.3576,33.3183,41.5661,28.9933,30.0766,35.0075,26.1537
15.7,18.5417,25.9495,17.6421,31.0667,40.5085,33.6788,11.9263,25.1571,25.9495,24.3441,18.6488,15.9296,41.8791,22.7592,30.0599,28.4545,25.2437,45.1971,64.424,53.1201,45.1971,36.9762,41.6018,40.2737,56.1166,58.9225,35.0699,44.7055,44.5984,55.3242,45.0899,71.468,66.458,56.3104,45.1971,32.5649,57.8086,52.0062,38.9031,57.0162,40.488,27.5549,27.5549,31.1738,33.5717,45.4113,28.4545,25.1571,17.6421,40.9795,29.3541,25.2437
16.3,21.0248,22.4719,23.4065,23.7152,41.8459,16.1596,23.4065,41.4237,26.1988,27.2353,18.8499,23.8171,26.1988,27.0316,16.6719,36.7621,27.2353,46.1871,31.9987,51.7833,28.4786,43.4967,44.845,54.4706,39.042,59.3389,35.4169,53.1285,39.9766,38.6314,50.7437,32.6278,54.0631,25.7882,41.4237,39.1438,33.3439,31.8968,48.2632,23.7152,36.5584,35.7256,15.746,50.8486,38.0054,38.8382,28.2718,23.7152,22.37,22.4719,16.6719,23.8171
16.8,20.6832,15.8999,27.067,17.7114,32.3044,18.4177,18.4177,25.3747,15.8586,22.6964,31.7172,27.1862,22.2424,29.9057,45.3103,26.2002,29.9057,37.115,32.9968,47.8694,44.4848,37.8214,35.8355,49.9238,37.5278,43.0448,45.1911,34.4367,48.0711,24.2283,38.8486,31.598,31.598,40.6601,25.7875,30.7312,18.1241,34.4367,39.7933,33.1572,16.7254,27.1862,21.2704,14.8726,35.4227,18.5781,35.7163,37.2754,23.9347,17.1382,24.5079,17.7114
17.5,34.9538,23.5908,29.2809,31.4399,20.2518,28.477,17.2716,18.8795,28.0664,29.657,30.6359,24.9803,30.6187,35.3299,21.5895,27.1392,28.8531,19.8239,34.9538,43.0731,31.4226,24.5697,61.6652,50.2676,15.1127,22.0001,39.6651,35.7405,29.5166,37.1128,31.4054,34.9366,47.8903,30.6187,20.6451,35.7751,33.2055,40.8797,35.3644,24.9458,24.1418,24.1591,25.9074,36.7022,12.8133,21.0385,37.4889,34.3855,19.4306,31.4571,30.6187,20.2345
18.1,35.2408,13.8388,32.1494,30.0911,21.8581,23.3856,29.9519,28.2467,33.1462,27.5021,26.5799,37.0106,20.5827,41.1654,30.1657,28.7775,48.4763,28.8158,31.6187,39.422,36.6574,36.4798,61.393,27.5021,25.8353,24.3078,30.6965,17.2108,45.9883,35.7352,27.8936,24.6993,34.0684,20.5827,36.4798,34.9523,30.0911,41.341,19.7998,21.3273,29.9519,33.677,13.4857,32.0101,30.8358,15.8971,27.1853,39.4603,18.5244,21.4666,21.7188,27.716
18.8,44.2145,32.8291,25.5534,27.519,35.1903,36.071,35.8797,42.6573,28.8978,32.1397,36.9517,27.6345,35.1903,33.0334,33.9011,39.811,24.2771,27.3277,41.5853,29.0891,39.1216,28.7065,30.6592,42.1592,25.8602,35.1903,54.6425,31.9484,33.0204,32.1397,24.0858,23.5877,49.8305,34.8077,27.1235,26.0515,34.8077,37.8324,50.3416,28.3997,42.1592,43.7423,28.2084,26.4341,30.1741,23.1922,26.9192,22.1202,27.519,27.3277,21.9289,10.5047
19.5,28.0195,23.8093,38.0129,28.1689,30.2296,25.0501,28.5344,34.6225,28.9888,30.2296,45.6467,45.2863,34.4398,38.3784,30.6839,44.0122,33.0162,32.1075,37.1375,37.2263,26.9281,28.2022,26.1415,24.4131,34.2903,26.9281,26.4737,38.8327,38.6499,25.0501,32.7446,32.3791,34.4398,29.6258,27.3824,25.6872,32.9274,35.8634,29.8086,28.6232,22.5351,27.5651,25.5044,43.6466,24.5958,30.6839,28.806,21.477,28.6232,30.2296,28.7172,22.5351
20.2,30.232,24.2599,28.5324,37.1679,21.5386,13.9248,33.3296,43.6646,39.5503,23.582,38.338,41.0013,32.8954,31.349,25.9644,32.1222,34.256,36.9193,37.8458,32.2755,50.3195,31.0052,27.664,30.7615,36.9773,42.8915,43.0772,28.8714,27.8497,27.5107,31.1005,33.6685,18.5363,28.0982,37.0726,27.0765,24.6941,24.3552,38.6189,26.7375,25.3769,48.6151,31.4394,30.3273,30.513,29.3056,29.3056,33.6685,28.781,14.6076,28.7181,20.7654
20.9,24.5683,28.9778,39.0378,31.1957,27.4604,25.3464,48.1984,34.6671,29.6222,26.825,31.2345,14.2707,26.4834,32.7132,31.1957,36.9238,34.4683,27.802,31.2345,40.8969,38.8001,40.9917,35.0087,43.9878,16.1858,33.4913,30.2964,29.7171,15.4465,28.0008,33.3485,25.3464,24.3695,44.3854,43.3913,48.1984,33.5301,24.1706,42.3103,23.5913,25.1088,25.8869,25.5453,33.889,28.779,31.6322,34.8659,28.9778,28.3037,26.825,20.3964,16.1858
21.7,25.1515,28.7448,26.4892,35.0135,29.5861,24.3102,40.0194,31.6106,29.3161,39.829,38.4913,26.7952,33.1794,41.4726,35.3195,30.1574,47.2061,48.9653,42.3906,27.6724,30.0825,44.5696,48.0084,32.8345,24.9611,37.65,31.801,38.9128,24.6551,23.5078,26.185,26.9856,25.6479,28.2484,35.4692,14.0266,35.2788,45.8684,18.9577,23.5078,23.6982,35.3944,19.9145,28.1328,35.8159,15.711,36.3512,15.2895,21.7486,27.2916,26.7952,16.7427
22.5,28.8312,21.4835,27.5482,18.5445,33.8541,24.2633,20.3348,14.9366,41.8979,39.3319,29.5797,20.9489,17.796,39.3319,27.7097,33.7745,41.1494,29.8207,32.1456,44.9712,41.3633,27.4687,49.8621,40.4829,46.9207,21.1104,37.6759,29.8207,29.0451,33.5606,42.5143,35.137,24.4772,20.9489,23.5673,10.7417,36.179,27.4958,33.5606,20.2005,28.0032,45.3442,22.0704,20.3348,22.7665,25.9194,29.0451,35.0575,26.7998,32.5187,28.0828,33.5606
23.3,14.7828,20.4175,28.0201,27.302,24.6161,28.0566,20.9492,18.5659,31.4606,34.8647,29.9481,32.1787,26.8831,27.302,28.4356,30.7425,20.0784,27.6411,38.2653,30.0244,37.5473,34.5222,27.7938,48.514,29.9481,26.923,39.0997,23.4825,31.8761,36.7129,44.0163,37.0953,36.0746,35.5828,29.9481,22.3091,22.7644,16.6379,28.3957,19.663,28.0566,20.8729,14.3674,27.7539,26.8467,19.663,17.8843,27.3385,19.284,26.0887,26.4677,27.6411
24.1,19.899,19.5506,27.4881,30.3801,13.3903,28.2128,19.1744,16.2823,40.8645,23.1779,23.5402,26.4183,21.345,28.9341,27.8504,29.2825,30.7564,45.2026,22.8049,24.9862,34.3591,21.3311,33.6345,22.4426,23.5263,33.6623,27.8504,26.056,26.7946,32.1779,28.9619,27.4881,22.0803,28.948,16.2823,33.6206,27.4742,24.61,18.4391,14.474,23.9025,29.2825,25.3346,22.791,20.6343,28.9341,24.251,20.9688,20.6065,24.2788,22.4426,17.7423
25,25.0541,16.6849,21.2309,19.4835,22.9783,24.0162,18.0909,20.8762,12.8751,23.3063,30.2695,25.0407,20.5478,20.9025,24.371,27.8528,35.8534,23.6615,39.3218,12.4936,32.372,21.5991,31.6889,29.5734,37.5744,26.7747,24.7257,22.2554,32.7,22.637,27.4842,18.0909,35.1439,33.3965,29.5868,17.0664,14.2811,26.7881,21.2443,22.2688,28.5221,17.4212,22.9649,23.6615,16.6849,18.0909,18.4323,22.9917,17.7759,34.0793,25.7502,32.7134
25.9,20.142,14.0782,17.0719,20.7922,22.7512,18.4571,24.0855,23.4778,17.1143,19.766,33.194,16.1136,32.5014,17.431,29.4652,20.0571,20.4162,21.4848,34.5283,16.0711,20.3652,31.5006,23.1018,15.7715,29.5416,25.1711,28.473,12.7354,27.5147,18.4147,24.4446,22.7851,22.4431,26.856,25.8213,11.7431,17.7645,15.7715,23.7859,28.849,12.7439,22.101,28.1224,22.0501,10.7424,17.4139,21.1003,14.7369,19.0309,12.7439,12.0513,16.7298
26.9,20.7389,10.6458,16.8913,16.2227,10.6867,19.0504,19.5246,21.4074,17.7543,19.719,20.1112,28.5159,23.8839,13.8657,19.76,32.0941,19.4836,31.1083,22.076,15.5951,31.4665,23.8839,12.2183,31.1083,22.035,26.4353,27.7724,19.719,22.939,18.6992,20.3876,26.084,26.4762,12.5695,12.3342,16.5775,8.44564,23.3312,29.4608,18.0306,23.8429,9.11421,24.5524,23.2972,18.1465,20.3876,22.9799,24.9037,15.6361,19.0504,18.0306,29.8531
27.9,11.1736,20.2398,11.0415,8.55852,15.1418,7.82474,9.93205,16.985,28.6663,21.3493,9.66801,11.1736,21.857,17.6248,17.4927,20.2398,17.2491,23.5886,22.3471,32.0151,22.4588,24.34,16.759,14.502,16.1396,17.8684,25.1855,18.9983,18.6022,20.3515,14.0323,15.8931,18.1325,21.4813,20.9736,16.4009,21.819,19.7321,15.2738,13.1665,17.8684,19.6001,11.7929,29.174,17.117,19.8437,25.9192,14.0323,13.5246,20.1078,13.0344,20.9736
28.9,13.2994,4.89146,20.634,14.5414,18.2317,22.8216,14.5006,12.3946,12.3538,23.0363,23.164,18.1909,8.58179,18.4055,8.83724,12.0114,15.8294,21.6205,19.3051,17.3321,11.0657,16.9898,13.4272,25.6071,8.58179,29.1697,24.4929,22.9085,19.6014,29.2566,13.2994,17.0306,15.7886,10.8972,14.5414,16.8159,15.0115,19.4329,10.9841,19.392,19.4737,19.5606,16.9437,15.9163,20.8486,16.0849,24.6206,10.8972,19.3459,18.2317,14.7152,8.62261
30,10.2986,11.4522,12.6058,8.88053,6.22141,18.7256,20.6807,18.1091,10.8357,14.0279,8.52855,19.7122,17.1366,14.746,12.5223,5.76783,16.6035,13.2263,18.3736,17.3216,12.3412,10.2152,18.3736,16.1499,10.2152,10.2986,18.6421,16.335,22.4548,17.9421,14.9129,16.0665,12.4428,16.872,17.8405,7.45844,11.4522,21.8343,17.6736,17.9421,17.572,14.9129,16.9555,22.0194,21.1343,21.4863,10.2986,17.22,9.76558,20.6807,11.6373,17.22
31.1,12.3018,8.24688,9.36522,15.2943,7.30775,15.815,7.12854,14.8758,16.2545,10.9231,16.2545,12.0414,21.2485,14.5384,16.4938,18.312,10.6628,16.2545,12.7202,22.525,20.1862,20.9671,12.8574,22.0855,16.0753,17.8935,17.6331,15.815,20.028,21.723,13.8386,20.5486,14.6155,18.368,14.4363,19.3281,17.8935,12.0204,11.7811,12.3578,10.2232,11.6019,18.6493,14.6966,20.865,15.9942,15.0941,14.3942,24.9199,23.4852,16.2334,11.1834
32.2,7.59579,5.54875,9.35996,8.26597,8.13391,12.6153,11.5213,17.8999,9.75714,15.1916,7.03992,14.6446,10.3041,7.59579,5.68969,14.2385,11.3892,19.5232,13.1534,12.6064,29.024,16.0027,17.3608,17.0878,16.4088,20.0613,16.2767,18.0409,20.2111,26.9681,18.579,18.032,16.2678,13.4264,15.8706,19.7962,13.0214,20.3431,22.2315,15.9938,18.579,19.1171,13.1534,16.9469,17.7669,17.3618,16.8138,21.8333,25.2306,15.7297,18.711,11.9274
33.4,7.31978,10.5712,7.52287,11.0898,7.4256,5.8528,14.2268,12.2327,11.5111,10.6599,13.7082,9.09567,12.2327,16.7309,13.6024,13.2784,22.6895,10.0441,17.8824,17.3639,16.2124,8.47128,13.0753,13.2784,14.5272,14.1295,13.797,18.401,10.2386,18.8479,23.7352,25.7293,15.8969,15.1667,9.61424,18.4095,15.2639,12.654,15.3783,12.0382,20.5982,19.8765,14.7454,17.7852,15.7911,7.94417,17.3639,13.6024,15.2639,16.2124,13.8055,13.6024
34.6,1.0164,9.55709,16.4248,12.278,8.21241,15.3272,12.278,14.7203,12.1968,14.7203,13.6542,13.0158,10.983,11.8685,9.83572,10.983,7.93379,10.5735,17.0317,13.6227,16.294,17.6883,10.5238,15.7367,13.1782,11.212,22.8515,15.3272,21.2282,12.1968,21.147,11.6214,14.392,16.294,21.8351,9.22881,8.90053,15.3272,12.6875,14.2296,18.7859,20.6878,15.3272,15.246,14.6391,26.1793,15.6555,17.6386,14.6706,8.81932,16.7531,10.8521
35.9,7.852,10.7965,10.9099,6.92721,13.5374,7.90871,12.2956,8.16901,14.4622,15.7607,11.4872,13.4807,13.4807,6.20601,12.8162,15.4437,15.704,18.1279,15.5571,19.63,14.4317,19.1094,14.5756,12.2956,13.8544,9.00363,13.7977,10.8532,22.1106,15.704,21.593,11.7475,19.2825,21.3022,11.8347,14.5189,18.301,18.7052,22.5715,14.4622,18.4449,11.8914,13.7977,10.7965,16.4252,14.1147,25.2587,11.1702,13.7105,8.89021,15.7607,17.9243
37.2,8.89489,9.33521,4.32898,7.89771,12.7087,18.4086,7.22884,13.6726,13.6309,9.80879,9.80879,10.324,15.542,10.0706,15.1017,15.1017,9.33521,20.353,15.8287,15.2886,16.2774,13.6642,10.3156,13.4773,9.62188,14.1378,18.9238,18.7037,23.2528,10.0706,15.5837,18.6704,9.55538,9.80879,15.3219,24.4702,17.9351,11.2795,14.4244,12.4552,18.662,17.2662,16.0572,13.6726,16.5724,17.2329,13.6309,18.4086,16.024,17.9683,13.4108,17.0376
38.5,5.05844,9.25476,9.04176,6.98994,12.0282,9.96622,3.91086,9.68076,20.8569,13.2583,7.19283,15.0145,13.4612,17.9908,16.6606,19.6369,8.84898,11.1037,12.9526,16.6404,9.05187,18.2965,15.513,12.657,15.5332,13.4612,14.8117,16.8736,12.9627,13.1656,17.0765,16.1419,14.3857,8.32018,8.53318,11.7427,23.1217,18.9153,18.2965,19.4239,28.7713,14.0901,10.5951,13.1757,12.87,16.4476,7.19283,16.2346,20.867,16.6606,16.6505,18.2965
40,4.49412,5.39544,8.30968,13.4948,3.5928,13.5073,10.6055,9.69175,14.6064,12.1003,9.00071,12.8163,11.2114,7.90158,21.817,14.1983,12.7913,9.06089,13.7176,16.4942,15.0872,15.718,18.4946,14.0005,13.0016,14.8167,15.0872,15.2975,14.6064,14.1983,13.5073,12.1979,15.0872,17.6058,9.01319,14.6189,9.48146,10.6055,18.6925,17.1126,13.6802,14.4086,11.5069,18.9027,14.2108,7.60617,16.9023,13.7051,17.0876,18.9027,12.8163,19.5938
41.4,8.06533,9.33563,9.60854,12.3983,14.815,4.57131,8.93883,9.14263,10.8443,7.82698,10.6858,11.7524,12.8642,14.1799,13.3064,16.5275,14.3837,5.38649,13.4994,9.34642,14.3491,17.2317,15.6194,7.15727,19.5793,10.8788,16.0961,17.0042,15.0534,15.8923,14.815,12.6366,10.2199,14.1453,11.3556,12.8642,14.3491,12.4328,19.1134,21.1679,13.2372,18.9442,17.4355,10.8896,14.1799,10.2437,9.77778,18.9442,14.1107,17.1626,14.6112,14.7459
42.9,9.38039,9.84578,8.802,5.34927,10.1767,12.7766,10.2332,5.96934,10.9312,8.7455,10.5075,12.6784,12.4457,10.5075,11.0859,12.6784,8.23844,9.38039,7.28749,10.2332,19.557,9.88746,19.1697,15.004,10.9312,12.9676,11.0294,12.7914,9.94396,9.32389,11.3186,13.6442,10.5075,15.004,15.0605,7.0548,12.7349,13.355,10.3528,15.3497,19.5005,12.4041,7.90756,11.9387,9.65477,12.1714,11.0294,7.85106,15.5259,14.9059,12.1714,8.08375
44.5,2.48322,10.0437,11.7913,6.26344,4.41941,7.10557,7.09118,9.10515,11.5884,9.94728,9.30809,11.7913,8.12186,14.633,15.0101,8.01109,7.73038,5.79419,9.57441,7.44967,15.2908,12.619,8.19964,10.9636,15.4794,11.9799,11.0413,7.09118,14.9323,11.5106,8.74667,16.3071,10.6051,17.227,11.0413,6.62193,10.3244,11.5106,15.5715,14.1824,13.6683,11.8099,10.4021,11.2299,12.9775,12.8854,14.3523,11.8691,13.9938,14.3523,12.1684,11.8691
46.1,11.2367,4.74613,2.32793,8.3508,7.28161,7.63201,6.01387,5.66347,5.5732,8.89975,5.2048,11.5871,8.79147,11.6863,9.95994,10.0682,10.5179,10.8773,7.18234,13.3045,15.6234,7.54173,7.63201,10.778,9.95094,12.8368,8.45007,6.01387,12.7375,16.0821,8.44108,12.7375,8.3418,8.79147,6.83194,8.0004,13.1962,13.6549,7.17334,14.8143,12.6293,9.85166,16.0821,10.4186,16.0911,12.7555,11.6863,10.8773,12.7555,13.6639,20.2883,10.0682
47.8,5.03589,7.53691,7.5152,5.59294,5.50518,8.09396,3.93227,7.53691,8.96817,8.09396,6.52105,9.75462,7.07809,9.08811,10.661,10.8904,8.78219,6.95815,8.30165,6.1717,10.8904,7.9523,7.86455,7.62466,7.07809,6.75046,6.95815,11.7968,13.8068,10.661,11.0104,10.5628,7.74461,11.0104,9.08811,8.18171,9.4487,15.6092,8.651,12.2339,9.31752,11.6769,7.5152,12.6927,15.4892,8.84822,8.53106,9.31752,18.2857,10.3117,11.6447,11.6769
49.6,2.93712,9.55544,5.38699,3.16161,3.07828,5.41249,3.07828,8.0163,10.6328,3.62336,5.93207,9.09368,10.1711,7.6957,10.0877,6.09873,8.3369,9.09368,11.5435,11.4857,11.4024,9.23484,9.23484,8.0163,8.5486,16.4816,6.70164,6.92613,5.38699,14.7052,13.8523,6.41934,15.9365,4.86741,9.31817,9.77992,13.5827,11.4857,4.61742,9.31817,9.77992,8.24078,8.5486,11.0946,6.64382,10.575,12.0886,15.3336,12.717,11.5435,11.1779,12.9415
51.4,5.94564,4.52041,5.19307,6.69904,6.02722,11.0563,3.01361,6.69987,5.19224,2.17946,5.94647,5.86489,7.37086,7.37252,7.37169,6.61746,8.20667,7.45244,10.4669,6.53671,6.61829,8.20667,7.37252,6.61912,11.058,8.96008,8.20667,11.1395,8.12592,11.8114,4.52041,10.3037,9.63273,7.20853,12.4033,9.79423,7.45244,8.79692,3.76701,10.4661,14.2339,10.4669,9.6319,8.28742,12.6447,10.2221,8.28742,11.8913,11.8921,9.79423,11.8921,8.8785
53.3,4.42746,6.11602,1.55491,4.64021,5.85344,2.42648,2.21373,8.19609,8.59233,6.72027,1.76766,8.19609,5.16536,6.2742,5.71978,6.64118,10.4098,13.2325,5.71978,7.93351,5.24445,7.67093,6.06145,6.06145,5.53629,8.67142,7.45818,6.53678,8.22535,8.0126,10.3307,13.8368,5.06096,9.40933,7.43287,12.5445,12.2819,7.45818,12.2819,8.59233,12.6235,13.8368,13.3615,12.2819,9.06766,4.50654,10.3307,11.0188,13.0989,7.85442,11.0979,12.8363
55.2,2.89221,6.299,4.13744,4.85289,8.98653,8.00619,3.61526,5.58354,6.3028,2.43025,3.66788,3.1533,5.06136,8.26728,5.57974,6.50746,13.0149,7.54043,11.8261,11.3642,7.95356,7.80532,7.23051,7.49161,5.57594,7.28694,7.23051,7.48781,12.8629,7.02585,7.23051,12.8103,8.21086,6.0417,10.38,8.21466,4.13364,10.3838,7.54803,7.02585,13.0751,9.45609,11.8299,7.7489,10.1753,16.8913,10.8458,10.4326,12.8103,19.1169,15.2329,17.6669
57.3,2.86523,3.54396,5.15845,3.57402,9.01848,2.63936,5.67033,8.7024,6.12318,5.41439,3.99681,11.1449,6.37912,5.24865,7.6009,8.53556,5.7004,7.57083,7.82677,8.95835,7.17811,9.18532,9.27442,6.18331,6.40919,5.8973,5.73046,12.7883,7.99361,6.83197,7.11798,8.24956,9.92308,5.05174,7.79671,8.95835,8.24956,7.57083,7.76774,9.6972,12.0506,12.3666,9.6972,12.5324,16.7551,5.41439,12.8184,9.04855,11.1148,14.9759,10.6619,12.2464
59.4,6.70382,4.64801,5.34311,5.53128,6.89199,5.54392,3.95292,3.95292,6.99308,2.56273,5.12545,6.89199,6.95096,6.64485,6.45667,6.92147,9.4842,6.22638,8.09401,13.6843,12.4233,8.7891,10.8449,8.75962,12.0469,7.39891,12.7125,12.2646,6.51565,6.25586,6.00872,7.68818,6.95096,14.5507,10.5107,6.95096,10.9039,11.092,9.70186,6.00872,5.97924,12.0006,10.1793,7.18126,10.9039,8.38328,12.4949,11.988,16.4352,17.7074,7.61657,10.9039
61.5,2.25933,5.66899,5.3869,3.40966,8.10101,6.77799,7.91471,8.31455,6.09606,4.98706,3.83673,3.60958,6.13739,4.30513,3.1548,7.90109,4.98706,10.8287,8.11463,9.07865,12.5924,8.99648,7.83253,9.9605,9.69203,8.79656,7.24639,10.5603,7.44631,4.29151,13.3702,4.65002,7.90109,10.1877,10.1463,8.38311,10.8424,6.81932,13.5565,11.3244,7.91471,10.5325,9.07865,10.174,19.0255,6.09606,10.5875,9.01009,10.6424,9.07865,5.45546,21.2713
63.8,5.93174,7.27073,4.29393,3.25375,5.43665,9.85499,6.98073,6.77564,9.09177,1.24526,8.60973,5.73547,5.26224,6.50751,5.93174,8.21718,6.02547,10.6989,6.87819,9.27922,6.3831,7.44514,11.1721,12.4304,6.87819,6.20869,6.69497,10.5964,5.64174,9.08295,7.07446,9.3599,8.98041,9.09177,5.16851,9.56499,4.8697,5.35597,12.0379,13.0999,11.7609,9.45363,9.94872,10.3282,13.4794,7.36446,11.5647,12.8099,11.8547,12.6267,9.09177,8.50295
